"n","iteration","INNE","IEIN","INNT","DNNE","DEIN","DNNT","NNE","EIN","NNT"
200,1,20.9033384252421,20.6133400838867,20.7240317285021,1.36093113864766,1.36826800144185,1.36543396338997,1.277742531951,1.28309874009834,1.28103129225333
200,2,5.57206003313582,5.1209490915917,5.29233491060661,1.82868412346759,1.80492787794406,1.81435592180354,1.37682610055246,1.33455211775238,1.35114632261522
200,3,27.734170525124,21.0440946174424,23.075824435843,1.66957575263388,1.55734088759327,1.59651392388252,1.57477547897304,1.45003307346659,1.49320564916654
200,4,38.5811443900613,26.3722587058802,29.8695456117917,1.72590699628452,1.57794561794966,1.62963766818969,1.65200541188825,1.48886174778017,1.54532694476681
200,5,20.1161047391849,57.3807400629986,29.8944805068469,-3.0134552399631,-2.78382844720039,-2.85289943380627,0.547110616211856,0.550397845908011,0.568630100271498
200,6,7.71097385918656,7.60623118537184,7.64308747469872,1.72933478260947,1.72839450916506,1.72872818915278,1.41254442078008,1.40836586772552,1.40984642075013
200,7,7.05280100410736,6.72506823395616,6.84919410809412,1.66240708192471,1.61284901292813,1.63182105747725,1.34530652864453,1.30086679225127,1.3178444978744
200,8,5.23815953110197,5.04820251031367,5.11591879689613,1.89254619097053,1.8735597164123,1.88044546960502,1.39024933344348,1.36643076760406,1.37502936769999
200,9,1.48868876585595,1.4579016508804,1.46822538301477,45.125887540116,45.3466768134072,45.2713664516786,1.44114582076867,1.41248991353814,1.42210418916805
200,10,7.21173320127656,5.14254880047697,5.84716059075109,2.11926157192298,1.97921598017212,2.03572143414418,1.63793322320846,1.42917014183574,1.51000463320869
200,11,12.2142647944907,10.41269763241,10.953948529608,1.60747769933062,1.61361390036523,1.61155306148388,1.42052699069157,1.39710946237889,1.40486785666725
200,12,4.19293335677928,4.26877137694283,4.23354797132533,2.14124124040768,2.13114131754698,2.13577542258933,1.41740359134253,1.42148111876353,1.41960254625386
200,13,5.24702813997348,4.90070774380216,5.02547194624729,1.88468555875844,1.88409107984412,1.88378966945517,1.40670488437272,1.3834601762166,1.39157159602585
200,14,6.43915251922486,6.84972315466031,6.71695518395959,1.60868577753844,1.61611136868153,1.61380211425494,1.28712490175546,1.30759884711181,1.30118260431676
200,15,2.25359621557591,2.20798693691382,2.22351208241358,4.0297086963948,4.04983713410447,4.04287014226787,1.44531204376686,1.42892919001118,1.43453914567261
200,16,5.93976665358253,4.50354319077714,4.98576202676208,1.96664060199001,1.92803784068459,1.94329565203029,1.47745820478561,1.35005710830014,1.3982867683805
200,17,2.21270166215166,2.14800051169304,2.1737431101652,6.10204561213918,6.20774625277587,6.16449935056252,1.62386252118688,1.59581692782145,1.60705784913736
200,18,4.25528875456701,3.75917856936114,3.94065254214468,2.3458838130997,2.33153023279806,2.33717885839128,1.51221815624951,1.4390178171017,1.46706867742038
200,19,2.81692890883587,2.72556256437647,2.75731115813677,2.60777405711406,2.58972179387581,2.59610166264582,1.35415969782182,1.32795318138982,1.33713956343118
200,20,41.1803509729945,55.7090260009418,42.2031535565494,0.996712167183284,1.03251725682147,1.02245214556307,1.12881987538402,1.15776029822277,1.14564621124846
200,21,48.4705702463108,41.6622161873194,43.7516941488265,1.40861559460971,1.36374644730607,1.3786777259532,1.36883551680935,1.3205212814141,1.33656080572676
200,22,22.612090064858,22.8040215887022,22.7335901600627,1.39348271677841,1.38887753479465,1.39055489452705,1.31259341247918,1.30914418838694,1.31040105239038
200,23,2.70154880197337,2.51358481199935,2.59296482014104,3.17387983358445,3.35596574882519,3.27333735390452,1.4593643790243,1.43716362071583,1.44684817649888
200,24,3.70232374644958,3.7185435448536,3.71301289152437,2.40409152323561,2.34429139145275,2.36428679707134,1.45760233165698,1.437833903205,1.44449472736506
200,25,7.62441400637047,7.01877646862621,7.19597396937545,1.54638336064296,1.54122846782195,1.54282280515479,1.28563160692775,1.26373035814441,1.2704395162309
200,26,15.443814795897,18.4225557757866,16.3414816765824,0.494930330645409,0.497837820126522,0.515408290204212,1.68805899627915,1.65974344997284,1.67629932337828
200,27,16.9270915601826,11.8964104295659,13.686095853268,1.7329156793809,1.60310579607267,1.65774452751359,1.57198344000431,1.41273244117237,1.47864223953959
200,28,3.60086061475697,3.09457549163609,3.28633119091451,3.04208184403826,2.98855433303318,3.01053790970165,1.64898503425064,1.52032050241094,1.57119744331813
200,29,2.62682083644762,1.37067424208891,1.84314500104179,3.13846499073533,3.07574216843928,3.11218906008581,1.54485412503512,1.33028398863959,1.41151839240508
200,30,3.65370522800786,3.40439922375877,3.4828224134033,3.068836828392,3.08216566034771,3.0777543644412,1.66791446892204,1.61763931588735,1.63389169068608
200,31,6.05146138205217,4.94149949034655,5.28567215788324,1.80543624429781,1.79504792806452,1.79872206568659,1.39056511028971,1.3167321290413,1.34202796255357
200,32,8.61552883327124,7.84440315232975,8.07198311675733,1.78668798645994,1.6764304001187,1.70966428857163,1.47980590389216,1.38124417813927,1.41084427814833
200,33,3.15881291143821,2.65728657911483,2.82313169969755,2.89803635255538,2.95848982121391,2.93583033422474,1.51140539400503,1.3999053266975,1.43918915121629
200,34,7.34702986077001,6.71210583731918,6.94302239759032,1.72760788231159,1.69058890819782,1.70439722875584,1.39815434262482,1.35051225707625,1.36842110721446
200,35,3.76333612825736,3.50530667669561,3.59781184214043,2.17013170618751,2.19327450200938,2.18453834017398,1.37641852637562,1.34912524971265,1.35923243354165
200,36,28.8149989737701,49.5651247097186,29.0659002738402,0.739075781645148,0.551975466556416,0.731207470384165,1.03955616493842,0.941618400681361,1.0238115316984
200,37,32.2300228412253,33.7143185865105,29.7642793157608,1.31930810679847,1.17625893818468,1.22313071500389,1.42522618437656,1.32861368070403,1.3703849350441
200,38,4.37684911005685,3.96108179414107,4.07528242379097,2.48674650618593,2.47405442280981,2.47778509467486,1.58577440199125,1.5228787086868,1.54090798217009
200,39,20.8584552908988,18.9736291269719,19.5750392263686,1.43739942129296,1.39904323238121,1.41185255739249,1.3447312045832,1.30296737490633,1.3168729070355
200,40,4.18392276887321,4.19906612055144,4.19352611032212,2.18911004348503,2.18803270869908,2.18842581298867,1.43715992469515,1.43847688364755,1.43799591401289
200,41,13.6988668821385,12.7661464188665,13.1143870684022,1.59366003103657,1.56904430696386,1.57855343795247,1.4275820303909,1.39730609403582,1.40895968267794
200,42,83.4871880733146,95.0026539219045,85.3043159140571,1.23644496415757,1.20199784023094,1.2236154794753,1.26250071973913,1.21670760285774,1.24603377193559
200,43,29.6271215099439,25.5585951436271,26.849055705379,1.47585649678602,1.45546286808288,1.46253621648777,1.40582614796752,1.37704546928076,1.38698369402837
200,44,97.9843758488665,49.2877021898602,83.0302131225924,-0.654083129667557,-0.471985743354892,-0.607536792674718,1.11587299916792,1.07543238736517,1.083424325905
200,45,4.00968124609465,3.68169011750343,3.78383059220906,2.51644127316937,2.52027061184399,2.51900564233167,1.54611369159685,1.49611643964728,1.5122542069753
200,46,10.6730797332992,8.67325431303893,9.31933854726519,1.70982229094201,1.64806458813133,1.67038793081251,1.47373124590673,1.38490859794918,1.41649663924102
200,47,2.01597114340787,1.96758970178892,1.98642023945764,5.2381557981947,5.35032677238176,5.30545002175726,1.45571907157604,1.43855807845523,1.44528809865135
200,48,7.0700821076769,6.85023227222561,6.92125551745853,1.82926108427199,1.82348528623378,1.82538726309365,1.45325624257834,1.44013194537913,1.44443667921877
200,49,18.7363002725254,15.6730981137964,16.7258880806398,1.54112624866092,1.49501701464106,1.51243862026359,1.42399747436449,1.36482940479925,1.3870175431236
200,50,7.04070655408298,6.91754261510454,6.93337345464437,1.55238453297894,1.49097661887337,1.52118290156432,1.2601413753347,1.2221951061488,1.23790404659343
200,51,23.0636726726205,23.1654298749973,23.1297128746361,1.42201197940273,1.41971951950304,1.42052103921467,1.33942829434912,1.33773492458506,1.33832711674587
200,52,4.17554257235875,3.74087225348667,3.88652233718475,2.15316934954084,2.15822533943828,2.15640245001285,1.42061297711523,1.36862378730319,1.38689568136048
200,53,3.69957570234392,3.67942223005764,3.6869539983504,1.95599467939793,1.94873984052727,1.95145408966422,1.27950850247986,1.27399257517851,1.27605546568611
200,54,6.84500068938293,5.98336117003448,6.26737555271561,1.83260810388782,1.80987791353325,1.8179955347591,1.44558299791457,1.38955742457397,1.40921927341502
200,55,2.76997273376843,2.65576073640714,2.69521168649304,3.00333093616801,3.03660923210675,3.02471133587358,1.44096782003504,1.41672231689922,1.42523549859618
200,56,62.6351004433989,55.8898614155478,58.2746096485626,1.49317241870105,1.42374327983649,1.44935208498619,1.45840516593624,1.38837567492573,1.41417991279132
200,57,14.4015643614367,13.1123804009187,13.5930185391899,1.8233790795557,1.78296095023298,1.79871011454075,1.61846549815917,1.569541890148,1.58850902864153
200,58,5.64809042282099,5.51990907138638,5.56346908214994,2.00507272703249,1.98796990950431,1.99383731831742,1.47975834899733,1.46158631026753,1.46780502047443
200,59,6.13122614763423,5.83349612048135,5.93582176930931,1.777820511163,1.77969604024583,1.77902977453915,1.3781963963656,1.36366582206654,1.36878896553521
200,60,64.9143504312398,51.6859669829228,56.3354288188585,1.57146810049345,1.51153969169558,1.53525133669948,1.53432466080219,1.46859120815861,1.49452265231957
200,61,3.18173314727118,2.96020321399777,3.03522509015844,2.78363741184931,2.84051515568275,2.8200593636474,1.48470096459036,1.44956220202164,1.46184442511845
200,62,28.5683496956423,20.7563870845163,34.2400377647643,1.18333595684207,1.05743255578205,1.16373073274565,1.30812428223483,1.21442133084382,1.25525141543023
200,63,55.4448485564594,55.4244884771222,55.4321217544266,1.37328190701203,1.36712448732021,1.36942703813882,1.34008998075938,1.33421418126831,1.33641155788044
200,64,4.18794807128716,4.02448259293797,4.08426451730705,2.21793962233466,2.21407274489118,2.2155212428087,1.45001230241906,1.42829497196824,1.43636230563555
200,65,10.2991452119006,7.66435783142982,8.5870043956362,1.71584196159256,1.63847316721992,1.67010182675755,1.47080519259365,1.34989495700454,1.39816936832642
200,66,6.68771582474255,6.47071851043944,6.55472799457321,1.70626306294827,1.69891613703851,1.70181059996245,1.35942711316532,1.34561808085556,1.35103899210609
200,67,43.9690320902152,33.9939710233221,37.2936205400601,1.46401139947851,1.34110938018666,1.38650355810904,1.41683583709079,1.29020884878984,1.33680381796321
200,68,9.31813735136443,7.98516228619019,8.39971178804763,1.67167689894468,1.64772070351088,1.65590762655478,1.41739565275222,1.36587532822384,1.38322128467866
200,69,2.94640408661996,2.78383878431273,2.83945466776903,3.11792454928226,3.08754288036897,3.09826035064644,1.51486935895557,1.46391805352116,1.48160863004351
200,70,5.52203694499448,5.29144769107662,5.37334647736236,1.90067482622689,1.88318371887488,1.88953054006026,1.41398412504207,1.38888920844953,1.39794495288629
200,71,3.99643202473271,3.90521391490046,3.93575720765421,2.02415136894795,2.03021026961528,2.02814617777794,1.34362117834975,1.33577738483442,1.33843397880388
200,72,5.69037697492873,5.69391843744166,5.69266071369737,2.10654271518159,1.99135614584622,2.03077664201859,1.53740485212122,1.47536946813125,1.49681053602124
200,73,6.13488016169874,5.86255594613133,5.95910636888983,1.864430399793,1.86110976659986,1.86232042606126,1.42988036078341,1.41265307608737,1.41889271637255
200,74,1.98319219571766,1.94913746836228,1.96295744614115,6.17392921990583,6.21459190827559,6.19785559671342,1.50103052556026,1.48376965722744,1.49079837138742
200,75,2.23842963117125,2.15457520618182,2.18195774308914,4.51390952185689,4.60019448573301,4.57092392299271,1.49638052785805,1.46732833755488,1.47693434299817
200,76,8.19333761436129,8.06725011235343,8.10780074348955,1.41193817270357,1.40212670399872,1.40530044064478,1.20438875435678,1.19451438365557,1.19770574683463
200,77,67.7574347244111,91.3934963808652,68.4249964256313,1.36937020503107,1.3240067569741,1.34121919523444,1.37723879284024,1.34768708538527,1.35796076258256
200,78,17.8914242622298,10.5881799747789,12.5320998303712,1.64873414301494,1.51733861211791,1.56472477218981,1.50961939184441,1.32715126514238,1.39104284865576
200,79,3.81804329948816,3.71162522338614,3.7555897078074,2.40555814594316,2.38397878101007,2.39299477974755,1.47575728317078,1.45160935146587,1.46165456193163
200,80,3.36447027991739,3.19636298120021,3.26571140691538,2.5426215170274,2.55812260916338,2.55151161066178,1.44818716572954,1.42092429999273,1.43238458395741
200,81,5.0596574640573,5.15951029470466,5.12319534931461,2.01862923004857,1.98668264213427,1.99861685531255,1.44598875505431,1.4400569745576,1.443126624748
200,82,8.74067954143152,8.37262643257936,8.49527362295055,-87.9568313072515,-99.7196764547261,-93.931337883839,3.93846648806169,3.83960710333829,3.95777714739283
200,83,8.18197745444352,5.69187279240332,6.3596157119436,1.67353676259148,1.63515471817366,1.64819601566022,1.38935825764137,1.27024125927029,1.30895850628328
200,84,5.80408514114717,5.51225421222389,5.62250766686551,1.83855235955157,1.81751383527031,1.82566133006129,1.39626070581409,1.36683701713873,1.37816352311123
200,85,8.6204003195565,8.01673463490469,8.2388593443902,1.58499257691141,1.57725635536938,1.58022584337414,1.33882846592867,1.31795471370416,1.32591358601394
200,86,82.7916525146374,147.414399543341,50.5280921028811,-3.98760080102307,-0.602975472125243,-1.14919006977596,1.24519195667662,1.57709510302341,1.50738757379395
200,87,14.8312049638772,13.7439821074161,14.1574882506976,1.4614860371974,1.43989490723121,1.44834712937079,1.3301097360086,1.30327183862947,1.31375022740172
200,88,11.4606604918408,11.2240289921722,11.3127887652811,1.43438192499416,1.42926296097361,1.43120385743455,1.27482824224951,1.26781939204444,1.27047365755228
200,89,5.14062957772689,4.03755218895134,4.42183138433846,2.36123137372836,2.30193917155465,2.32559004689495,1.61802730258794,1.46607969195338,1.52404398647428
200,90,15.2949686094166,10.9502924535534,12.1591653148654,1.70770655728896,1.60474017138622,1.63933555298638,1.53618874275601,1.39962791922489,1.44457373929212
200,91,7.42400862104741,6.20715632032568,6.65434253739126,2.01380769277749,1.92414172571534,1.95992104504244,1.58410856681348,1.46882433873739,1.51399894570991
200,92,6.67095764239938,6.14129652884498,6.34794240389652,2.06965764357523,2.02511513382999,2.04314360590202,1.57959114167674,1.52292500780545,1.54565903883511
200,93,2.19211514631039,2.00872097550201,2.08548943673655,5.62972080399081,6.07662560731933,5.87154105750318,1.57776209093873,1.50967496478496,1.5388953029214
200,94,5.56515246241207,5.64715332908728,5.60954531223778,2.02749374947691,2.02481779988137,2.02603448062911,1.48608423408387,1.49041965684852,1.48844390727717
200,95,7.66052613639018,6.84387002802415,7.15667659737231,1.81097885887026,1.77871702390707,1.79180432584718,1.46471451873466,1.41179301002563,1.43302133578752
200,96,8.03390079810043,7.59972324255187,7.76763839800067,1.68042092098869,1.66000208678576,1.66810978329531,1.3897352140334,1.36241151721232,1.37321104271268
200,97,7.68461258464484,6.46798965616278,6.91607944997204,1.73987349720893,1.73057755409213,1.73438209932628,1.42015086074179,1.36634714244338,1.38790266544573
200,98,9.75762400908075,10.5043483446588,10.2113070470416,1.5952998447716,1.55600986389554,1.57051469804648,1.37113013946014,1.35525573581033,1.36116537413385
200,99,4.97187558067131,4.97222983166096,4.97207926885645,2.0398119172571,2.02374421406806,2.03054195446781,1.44639804082608,1.43833028629749,1.44174805885542
200,100,73.9095119978638,58.7423543841791,78.0972525651487,1.39519097818364,1.2957406031997,1.36041604324238,1.455806494955,1.39519624803988,1.42226701477186
400,1,3.29200054674196,3.08928563187318,3.17080326891449,2.53461674967866,2.55571874795713,2.54686608615658,1.43204183508758,1.39864288421854,1.41239564757356
400,2,4.9331185146276,4.50821966942919,4.66076713738711,2.2384070862196,2.2045702209125,2.2173070253387,1.53974594066141,1.48055979535012,1.50250658335159
400,3,30.2258982150683,21.578587871816,24.6055211941969,1.53726393032179,1.43351692898841,1.47636073634793,1.46286389481608,1.34421737106368,1.39279157406276
400,4,8.86915123653779,7.42018115531294,7.911326777854,1.9188472568347,1.86820087477957,1.88712836631232,1.57754439168097,1.49244388101899,1.52367786125378
400,5,4.65349921321191,3.99485830792292,4.2219303776037,2.29161115444273,2.30195117792307,2.2980109957934,1.53547030060885,1.46041718558931,1.48805669797672
400,6,5.16588928048446,4.39996737678821,4.68105254891122,2.11048849856036,2.10516085339516,2.1073153055389,1.49834852482136,1.42389800010699,1.45314070975539
400,7,7.68945873440501,6.89473393964768,7.18818616278392,1.84382987446787,1.80004448733362,1.81708888325014,1.48721541075105,1.42738862466736,1.45043578363368
400,8,6.0471450208408,5.58933225010383,5.75938281250244,1.86192343870893,1.85711929768464,1.85898996078761,1.42359635770783,1.39396015890882,1.40537029987141
400,9,4.45961072816261,4.03835690309071,4.18358576208355,2.20602095485044,2.22593043079861,2.21857206995682,1.47592834260229,1.43497592719586,1.44975909251395
400,10,4.206545114084,3.87840002764036,4.00573575236098,2.23912279452682,2.24848330825128,2.24465946702936,1.46128705117028,1.42332034846161,1.43855106167546
400,11,2.73965417642813,2.51970575897128,2.59791931306715,2.56777112067575,2.64603874582513,2.61613556692495,1.32546470016619,1.29066372951851,1.30349781018566
400,12,4.83969901401501,4.58746504602324,4.68015421294826,2.0095316797457,2.01362688819679,2.01206874428287,1.41994465189359,1.39938105095417,1.40712466902237
400,13,3.63162616168794,3.57682408854319,3.59786245985489,2.29745353350286,2.28630694552182,2.29061338862355,1.4072154173099,1.39476974146295,1.39956622613972
400,14,2.5291339820327,2.4160407398544,2.45780412401034,3.72428000114523,3.76034292674435,3.74655704410349,1.50624972769664,1.47094840559805,1.48416623471885
400,15,15.3047114189178,12.0693532479142,13.2300149333452,1.60812536272039,1.53570038929332,1.56494978825727,1.45521977800307,1.36235482511439,1.39941591258983
400,16,5.64120992632578,5.17396303092613,5.3318431980775,1.93186647371979,1.92771060506392,1.92919427303988,1.43905379392686,1.40444406690661,1.41662419472285
400,17,5.28866964056592,5.11999597741671,5.18699550370268,1.88485597010642,1.87127938513379,1.87675426769663,1.38960688048717,1.37041418448902,1.37812298894172
400,18,5.22072954595541,4.38387451036798,4.68622305291687,2.05727534272077,2.0379843052554,2.04570527968195,1.47574484198729,1.39122763450547,1.42405426364292
400,19,10.5001109435414,9.5328063744044,9.91411787986183,1.66707766783227,1.6412508772964,1.65193562335854,1.4386643473688,1.40018316284273,1.4159959137879
400,20,4.36674804634443,4.23668658682797,4.2845414528968,1.95783517913995,1.96003124441336,1.9592071428467,1.35176858931491,1.34007039051472,1.34443341058882
400,21,6.88680165371988,6.63026814159662,6.72928116036629,1.72436594271647,1.71615154659961,1.71938686408634,1.37906574142548,1.36328454003621,1.36947476198506
400,22,8.26966702993114,7.54472365696299,7.78002038641617,1.8305551963977,1.81504096919713,1.82036357803908,1.49878701800771,1.46306911372725,1.47519784603678
400,23,4.02321483773739,3.76053469911912,3.85427425767483,2.42825539205881,2.40205262293422,2.41174679705496,1.51428942166341,1.46578081017009,1.4834826622409
400,24,3.33844019605564,3.16783007454075,3.23478171054264,2.54224737642525,2.53751868426919,2.53943168348723,1.44322253563552,1.40892841831763,1.4226192563865
400,25,3.76018567361292,3.40125345768591,3.53364673763616,2.29066539093865,2.28067815911825,2.2845877473317,1.42349019875928,1.36523369117695,1.38752160301363
400,26,2.65880603670488,2.40982488230251,2.51707231628849,3.89723925285975,3.97888765243063,3.941317459596,1.58052649231994,1.5008379902172,1.53607654913901
400,27,9.26209779311957,8.08734283534284,8.46303497116642,1.57727981641459,1.5455188446678,1.55648865297806,1.34776372179625,1.29755218871784,1.31469502922991
400,28,4.37540546141249,4.3761417452249,4.37590610746525,1.87814240393271,1.88351844619149,1.88179476719121,1.31407557891893,1.3167717492976,1.31590777182542
400,29,3.83216962132358,3.37759777212982,3.53703155255577,2.63336690084202,2.6450809194239,2.64061733654552,1.56081534836731,1.48339632215188,1.51189344121898
400,30,2.44570959521064,2.35116951890677,2.38715743764172,3.72475871809861,3.76624269291817,3.74995450308213,1.47633496690152,1.44751975348654,1.45862286131786
400,31,11.3659267547549,11.072246839025,11.1820396791319,1.54316521397616,1.52299646195108,1.53059817354915,1.35869376680525,1.3388381914634,1.34631456572803
400,32,4.59205123997021,4.0852115551921,4.29248854297491,2.19254281111765,2.19544083135252,2.19417200538402,1.48398988335437,1.42801092959647,1.45197334193941
400,33,4.79983843426831,4.47087902469842,4.57674245090673,2.37396637194498,2.35417776736321,2.36081943526306,1.58836981789525,1.5421474606131,1.55744376850362
400,34,4.58832252298124,4.25065886312317,4.37377595771056,2.15942766206426,2.14595132244583,2.15108611050416,1.46836357418328,1.42602202486473,1.44192606914172
400,35,4.84995287530123,4.62502515516764,4.69801538039341,2.19949708487988,2.18994112936475,2.1931331120555,1.51323256016928,1.48621906386195,1.49516050959824
400,36,6.7284662928953,6.38158760092806,6.51595680032072,1.81523459449085,1.81020828736843,1.81221546628451,1.42956137432648,1.41019172340131,1.41787625337963
400,37,5.39094624337433,5.02857171901587,5.17019249948456,1.91716849303807,1.88155583350295,1.89590705210492,1.41422961440594,1.36922775744373,1.38721572618861
400,38,2.89656192241455,2.68868873727743,2.77738635634618,3.09071866409018,3.20042636776385,3.15065963272124,1.49524610799612,1.4611618512911,1.47613549103239
400,39,3.78222021672796,3.22588556851519,3.3930825893797,2.43075392739668,2.46141052131091,2.45105479099705,1.47974970297239,1.39613421791728,1.42307252461233
400,40,2.51666054118285,2.32450475885337,2.384121538569,3.23358521038113,3.31265835033018,3.28633941042663,1.41521539236612,1.36598674650384,1.38172762957572
400,41,4.39042421326077,4.25442783189592,4.30274196388066,2.00754925188933,1.99181448812854,1.99748975894574,1.37762260072137,1.35666062244922,1.36418522142509
400,42,9.35632873118664,9.50409603622565,9.44702713866557,1.4769576346158,1.47849131365022,1.47790430541175,1.27559640582637,1.27945473921681,1.27797617340187
400,43,4.64942274578187,4.32225952347525,4.44422187254686,2.2557324095884,2.25101176110805,2.25285046186661,1.51884401400905,1.48015449244022,1.49500659366582
400,44,8.94151291846212,8.74510980711819,8.81323126762735,3.71589452846977,3.66236452127548,3.68729781900862,5.29879570408256,5.09503944643601,5.1700966120768
400,45,4.40786153269466,4.28970541894461,4.33385085521271,2.08157477477867,2.08502188570158,2.08371063948497,1.4138814131908,1.40306075135423,1.40715303537645
400,46,3.98232583197018,3.72058677851773,3.8126782118747,2.10504079298398,2.07083831457701,2.08327777622427,1.37710751524107,1.33036921479827,1.34717216389109
400,47,3.38531651580228,3.25576435972479,3.30220592631756,2.25213590246375,2.30297541313876,2.28402732440017,1.35241813217711,1.34885703968049,1.3501635594744
400,48,4.20837395341173,4.145404293237,4.17020772923719,2.11763971768054,2.09764278587742,2.1055461718903,1.40875759901076,1.39284187674068,1.39912511845079
400,49,4.10764943510924,3.83565869080158,3.93399444474243,2.04746091375298,2.0593610775659,2.05485254782218,1.36638519687,1.33994567025304,1.34980548308266
400,50,5.25928489035335,4.73936133201735,4.91803551442265,1.92798970678927,1.91341955961587,1.9187484232531,1.41080558376115,1.36309714997134,1.38025027188575
400,51,3.9846551325334,3.80470349818619,3.86980338501026,2.32900124115059,2.32980347144728,2.3295045760819,1.46987200430881,1.44497536000075,1.45415016474784
400,52,4.40515626518429,3.9035475389833,4.08860921892859,2.2428742218009,2.22752053123672,2.23359838271916,1.48618624029418,1.41822471907403,1.44448134551971
400,53,77.9432260859173,56.5200386349487,62.6789423746284,1.39133816520471,1.32111391328524,1.3453899991221,1.3669374275389,1.29093916926577,1.31711833766575
400,54,5.88480019738747,5.84209966399339,5.85899870707384,1.86086902811857,1.84948812414131,1.85399532299032,1.41380197175077,1.40476768202616,1.40834495107637
400,55,6.65804025274899,6.074140189088,6.30786298379795,1.94044161942057,1.9177964795329,1.92729925117403,1.5025371482105,1.45758971426065,1.47624773808438
400,56,4.49653424102409,3.42470788020879,3.78815400298773,2.43045039801781,2.41805096030139,2.42302648946305,1.57768553066832,1.41733013560401,1.47778630931175
400,57,4.67976007757861,4.4900559500229,4.55983405746994,1.99853235672597,1.97586435513526,1.98436084719728,1.40045558480465,1.37207714994356,1.38265383366665
400,58,3.58111351821566,3.4724170249141,3.50916388117566,2.31088236775303,2.31168262434764,2.31140647320928,1.40453799465342,1.38779180644393,1.39352393607909
400,59,7.89217453196173,7.15081740602427,7.41732496502736,1.75206133944063,1.74316623693364,1.74655792641153,1.43376562601076,1.40151634734804,1.41367888087392
400,60,3.75417347228821,3.50546803299628,3.60027578508368,2.18093432345405,2.17404009248086,2.17677532329385,1.3795209899621,1.34184649062434,1.35657298836388
400,61,4.05607190879409,3.75840477681624,3.85966787687822,2.08677108334423,2.09218193180325,2.09024433387323,1.37787887173232,1.34401333713647,1.35592738590311
400,62,7.58707975667558,6.19757392309379,6.65787081804212,1.855045171493,1.77269161093964,1.80290629109781,1.49059409565366,1.378421742003,1.41872513934868
400,63,4.2198115949467,3.72665931839281,3.88796074397994,1.9573117917583,1.9741222021674,1.96812154859084,1.33710895472863,1.29050392019884,1.30667209546272
400,64,2.59713013109531,2.37469524458643,2.45838977275467,3.22523342333085,3.34062403175562,3.29378140741907,1.43865130116528,1.38801764494188,1.40771167476353
400,65,40.6832102968622,56.1553217611984,51.3660280688554,0.960994393666464,0.915254493779732,0.920169127007607,1.2824519393128,1.22666361529464,1.25422514284201
400,66,6.5300528531599,6.01292532633981,6.18811785543352,1.97199206689424,1.93299810071092,1.94676007450473,1.51460178671433,1.46275928083057,1.480880338156
400,67,3.57837624292073,3.4204849124605,3.48154843546661,2.36390421090836,2.35872873894038,2.36078327296882,1.42351723970844,1.39603699586295,1.40683236093598
400,68,6.09393372605758,5.72424817270934,5.8693429749215,1.93033682550205,1.89699900513529,1.91044416805698,1.46597059173698,1.42481838009426,1.44130576048003
400,69,7.37849516491928,6.11873846173264,6.55522525485552,2.05479390198408,1.95182158750211,1.99072868995404,1.60721109853772,1.47978402423785,1.52700038862663
400,70,7.48132381015468,6.23404209336661,6.66460035035665,1.62499964024087,1.59823314347535,1.60849984639431,1.33502269797671,1.27210196150572,1.29576680876674
400,71,3.77916746165719,3.35362806190509,3.5118015139649,2.61421681226029,2.63621958089403,2.62737417742647,1.54527910279284,1.47598077464574,1.50294063533234
400,72,3.10144526326191,2.92013315356604,2.98871139285479,3.64449289440335,3.65756526102262,3.65242319244448,1.67555571369942,1.62375604761009,1.64370088673545
400,73,3.91605909820177,3.52319656720393,3.65330506568369,2.30710227951058,2.31441978830886,2.31181676427685,1.45179408352602,1.3968296916101,1.41585907815099
400,74,5.11206038643545,4.85381945269085,4.93864284655773,1.95125993506019,1.94082112055679,1.94435776294389,1.41221948926919,1.38644497920927,1.39510209298113
400,75,2.96499048349802,2.89375612070539,2.92130364672493,3.69529253788204,3.68992511282077,3.69202996714112,1.64505129488302,1.62184999569064,1.63087804677873
400,76,4.5371940252041,4.16958348156172,4.29844208229609,2.05047162827437,2.06436209755078,2.05920074453237,1.41224344244899,1.3807515629283,1.39223850362426
400,77,6.37820730220209,6.10753297507666,6.20830805076304,2.0764655263002,2.05703089772369,2.06442152563956,1.56648611383399,1.53876976584845,1.54925465164172
400,78,7.12509489381043,5.89304159923388,6.33976600905785,1.77474984280032,1.75023340463482,1.76014162036148,1.42084063453774,1.3494474890304,1.37765595936479
400,79,3.8298214094661,3.55970026579338,3.64584384810469,2.36510075415224,2.34777152430269,2.35354846045472,1.46215130143105,1.41471059296371,1.43025655507208
400,80,4.34337305037468,3.98459613389973,4.12075118069042,1.96875626596062,1.97498438546092,1.97248841503259,1.35470020975134,1.32048138644219,1.33395935571157
400,81,7.74912627661402,6.71244872015342,7.09446000066882,1.7114840905212,1.67954850297635,1.69225818107563,1.40186582317643,1.34340883353664,1.36634153159227
400,82,52.6170243143236,54.3927765985107,69.2327132103917,1.16350765601531,1.14842865965666,1.15642042590149,1.19527267987444,1.1702555091731,1.18745579053989
400,83,5.246491877285,4.91570657093175,5.03474465329502,1.81858320565217,1.80077678926377,1.80741318173122,1.3504714252314,1.31796504525362,1.32996988266367
400,84,3.98080535837087,3.93767754610727,3.95245065970319,2.0913826849895,2.09017166090895,2.09058930572233,1.37106877114572,1.36539945409531,1.36735006351256
400,85,4.32029360885525,4.16467154178568,4.22671391235541,2.1218156956008,2.12210162813136,2.1219851013224,1.4229604552863,1.40578576967687,1.41273415706859
400,86,5.64249939116995,5.13358392227429,5.34071337486253,2.16143347296629,2.15312104118481,2.15668753853643,1.56278728499716,1.51690340332729,1.53629906065228
400,87,15.5934367753661,11.7667696686906,12.9856899658756,1.58835195916799,1.51569209485499,1.54268543695364,1.44151847256995,1.34273300284449,1.37887645685645
400,88,5.17057140000804,4.90224429115057,5.00086190039599,1.90975441015296,1.89335793320533,1.89955531944482,1.39464225219765,1.36583967288352,1.37664340025594
400,89,4.69514338894419,3.92086396743598,4.18483653335534,2.1976332804468,2.16714098277731,2.17870382400709,1.49695889820243,1.39570599239583,1.43277465779266
400,90,3.82863471052728,3.39185255333567,3.52872554340011,2.56533532364369,2.55445104393947,2.55814132124485,1.53609288309987,1.45709366399105,1.48302547511533
400,91,4.55073965914376,4.20078319538276,4.33324240082325,2.08997560064664,2.08021793042099,2.08408567353504,1.43221542867399,1.39126619305075,1.40725989116757
400,92,3.38734634776429,3.26027039412462,3.31056964601216,2.63554690585158,2.65054185372424,2.64444838861201,1.48226272822726,1.46197895855926,1.47012662514414
400,93,6.24318417654154,6.00740740420977,6.10598696134605,1.72777945743422,1.72100586841182,1.72389506759182,1.35326741715753,1.33776275050036,1.34434730517548
400,94,4.5795546858487,4.27253626922136,4.37069674607965,1.96708453474846,1.94447391937602,1.95199035305812,1.37602988386195,1.33630717962368,1.34935633491008
400,95,3.34602396939674,3.25089214468019,3.28309537016949,2.52343141650912,2.51507135982966,2.51794931347618,1.43854266702539,1.41801551825643,1.42503086673256
400,96,6.61297252673549,5.8746344265463,6.16547276663121,1.88205824712165,1.83755138787217,1.856096141537,1.46509174901481,1.39972543633472,1.42661745537537
400,97,5.2965847623412,4.48728299595003,4.76388777552633,2.21767815969067,2.13354335901325,2.16475156541396,1.56317664950563,1.44601478969732,1.48840674252148
400,98,7.21066544723327,6.26455797612792,6.55033016845226,1.86923065257936,1.83627725556792,1.84710456197461,1.48442192762793,1.42003447701004,1.44081438179071
400,99,4.40425510673862,4.26759300624221,4.31851360642044,2.11348410711331,2.12144142339853,2.11841059704595,1.42815213458772,1.41702923546133,1.42123546717871
400,100,3.6815865695223,3.39585634339872,3.48442155487924,2.11623216734239,2.15296266250002,2.14079381030706,1.34379708634207,1.31760504477773,1.32606977923423
800,1,7.42525897192649,6.2665227772065,6.62993415092537,1.68696921673252,1.64934731086499,1.66236930454058,1.37465645670909,1.30569000977544,1.32911187884809
800,2,3.77658052847648,3.56945641019009,3.64262488573819,2.1834686691114,2.18092033992122,2.18185297485772,1.38355322027293,1.35377218323644,1.36452951379505
800,3,6.1906507213344,5.58759994469181,5.82078742495111,1.78337698546028,1.77057791598037,1.77581922666267,1.38452792330303,1.34452866627764,1.36069520213413
800,4,4.87180230655295,4.61841076465058,4.71497184773357,2.01868363235526,1.98412121261833,1.99758794886121,1.42727634384148,1.38787465144197,1.40312656099386
800,5,3.64357224709427,3.44395746158491,3.51496731914037,2.43320926180701,2.43924003926343,2.43701271388387,1.45892586802841,1.42790360728271,1.43918830340547
800,6,4.92677681937823,4.58401966418745,4.71481398885427,1.89856864857418,1.88997982113256,1.89339528393105,1.37045429447828,1.33823066937445,1.35089646869507
800,7,3.44659781454894,3.30391726336352,3.35884108170675,2.38190067181017,2.37933846250949,2.38034987624822,1.40850232167801,1.38321022330248,1.39309129313708
800,8,7.64569490405906,6.75000077281635,7.05800079269305,1.70290837801962,1.67488280980257,1.68521385937392,1.39271263708455,1.34191293732334,1.36039674712642
800,9,22.2045285139823,19.1080909283932,20.1587595969785,1.56008240457059,1.50366888412718,1.52426942405289,1.4576672159755,1.39397324757562,1.41711662382069
800,10,4.64861211134817,3.96607353473884,4.19553933507589,2.11581428268221,2.11061396510043,2.11254809306361,1.45401831979722,1.3775350779938,1.40506591302938
800,11,3.77986755531048,3.52781588587048,3.626666268398,2.34056915787277,2.32451349247707,2.33104955356145,1.44549185546635,1.40122933887162,1.41898993481785
800,12,6.53071207296571,5.88251344926802,6.09265351177001,1.79001211616709,1.78047684380418,1.78377881242876,1.40493224767312,1.3667874522832,1.379805703661
800,13,7.27847875921918,6.09432297176246,6.47626817308719,1.80098153174621,1.75063044332712,1.76855407282185,1.44374284094355,1.35997076646116,1.38919070555989
800,14,3.99090229246009,3.468097127617,3.63849600228795,2.30446711977163,2.3226965649696,2.31614650903072,1.46089967227756,1.39105927666003,1.41524697709438
800,15,6.05482006775093,5.73925438070542,5.85755210770706,1.82891611380532,1.81333181551447,1.81933910869752,1.40463325168179,1.37796144201212,1.38817567298757
800,16,4.76934646615855,4.49247264652558,4.59244931462368,1.95708219048409,1.94326331365137,1.94842246272062,1.38766104654367,1.3564971179051,1.36801816456928
800,17,3.94363157850864,3.78183409550874,3.84192857315047,2.3099305864218,2.31785500408482,2.31482741523252,1.45669219630116,1.43708030684124,1.44449473151986
800,18,3.5369325390563,3.3445995195717,3.41232790064334,2.48219894514793,2.48787337340414,2.48579920300637,1.45857757725285,1.42665731021993,1.43814499530134
800,19,6.6347037910001,5.87611974897886,6.15958477663519,1.81144383487851,1.78924470684601,1.79811410550016,1.42294378583063,1.37160029614309,1.39181394457589
800,20,8.97310599508363,7.55423243768429,8.0456257201717,1.66647148193144,1.63223346960199,1.64528981285047,1.40545292106328,1.34222138786184,1.36595825113784
800,21,4.85319065799887,4.42406265919008,4.57004066234848,2.00459664239313,2.00568649203779,2.00529264715333,1.41863392248547,1.38003559801505,1.39373450829112
800,22,4.42721181488351,4.19698379245879,4.28102506283517,2.00686888463162,2.00024298993031,2.00273911801618,1.38090180274436,1.35463614686058,1.36443318237095
800,23,3.87857730380142,3.56312021713334,3.6740582171932,2.3893133583907,2.40309161803212,2.39795793234128,1.47850960761339,1.4351659921566,1.45095744623063
800,24,4.15784601981845,3.86728607178348,3.96815537437332,2.08195136835244,2.09260668650615,2.08871821700049,1.38729395713498,1.35786146171675,1.36842189180655
800,25,2.95814557018789,2.8608902232816,2.89684328675092,2.74862776198759,2.75665730379177,2.75362064566761,1.42477027986574,1.40390337429862,1.41170841481285
800,26,5.52855594392117,5.15166076071925,5.28081288922956,1.91823282985877,1.90056810299031,1.90686777729706,1.42411149765199,1.38836704089916,1.40098209750693
800,27,8.86794561215826,7.17062845853632,7.75307145450071,1.71329831419351,1.6656203542198,1.68401409494192,1.43588375557932,1.3516532825382,1.38350781499935
800,28,6.85944637602222,6.07739904278311,6.3611476926596,1.8395434158913,1.82098822239144,1.82820318787657,1.4505419272247,1.40115592058601,1.42007231829733
800,29,3.9992816288117,3.83770189645861,3.89654090379079,2.09241146938916,2.09526366544326,2.09419674763308,1.37369736369589,1.35530827855923,1.36212329141111
800,30,10.5261808679369,8.31785408797741,9.03841082875429,1.61874147314688,1.5655025554262,1.58531559250501,1.40298678297653,1.31753029868572,1.34874836287526
800,31,4.50972109307357,4.14458057010309,4.28151247805453,2.04060235046283,2.03205473498789,2.03542247265879,1.40489970333106,1.36352790089291,1.37957518684335
800,32,3.89433872471255,3.78026223359207,3.82196602408255,2.24532586574518,2.2425667475052,2.24359372618303,1.42419171923212,1.40755953863609,1.41370942606869
800,33,3.63425341440284,3.4059102348459,3.49456005955839,2.19657084418594,2.21369694365586,2.20675023692624,1.36908518187009,1.34166905938309,1.35260507469399
800,34,4.14695357990453,3.93239152001737,4.01523053719109,2.16591222894661,2.17097478515065,2.1689532565366,1.42279873255062,1.39875642529827,1.40824523330373
800,35,6.22328973022775,5.63781498478176,5.84826382757783,1.8067021764946,1.79517128307117,1.79956442510494,1.40020453825052,1.36161203629439,1.37611975491646
800,36,8.2023238883399,7.40689469536938,7.68158772229043,1.65075291775793,1.63442859793781,1.64041047647491,1.37419106166191,1.33896777130612,1.35174419624835
800,37,3.99270686560624,3.83498577183594,3.89362473718957,2.28508468324125,2.28375743846883,2.28426326864556,1.45332530263463,1.43136866200491,1.43966092618016
800,38,3.30562740391062,3.17005808453003,3.21655863667157,2.51432058314912,2.49959267129762,2.50476452880908,1.4280895706203,1.39759119157942,1.40819208161094
800,39,7.67103072874202,6.56635378841458,6.95310232502339,1.6643799141587,1.63634992681438,1.64706387073571,1.36764304799028,1.3099159635853,1.33162585099435
800,40,3.63574881163196,3.46551633993398,3.5299755287474,2.2968258165085,2.3153836781399,2.30811055258422,1.4075982615342,1.38801915701454,1.39558986538307
800,41,4.85395478638281,4.52577054321909,4.64269860954509,1.97522016403497,1.96818745675279,1.97080127956311,1.40392206071558,1.37166960663192,1.38350896102482
800,42,3.2724511635614,3.12456618564255,3.1839183779714,2.46074730715249,2.44668925312855,2.45246869119467,1.40456944402957,1.37219386027413,1.38536620027579
800,43,13.6268956056376,9.74178132551608,10.9385648553352,1.58655270655472,1.53005561930666,1.55125400838068,1.42109715440632,1.32236363355672,1.35858596213369
800,44,4.07854049442131,3.59847291978897,3.78035413436403,2.343473486102,2.34564581983169,2.3447573919481,1.48831060468899,1.42001587313896,1.44715949459166
800,45,5.06895384894403,4.91082909580382,4.97327295036645,1.83680385178075,1.83047788658265,1.83301884074417,1.3482479921397,1.33344529304254,1.33936412042382
800,46,4.47339932765223,3.92907709701404,4.11365437299865,1.95140137966872,1.96248577575575,1.95838377956266,1.35870325281212,1.30877970440919,1.32675615611853
800,47,9.02326034374465,7.63828471955882,8.11138968302033,1.66460216186864,1.62546960094732,1.64012127928425,1.40534542502104,1.34025570903581,1.36426681724484
800,48,3.70614093359585,3.53138030656733,3.59473365638825,2.29953410081378,2.30790062889996,2.30476652378916,1.41905737662975,1.39573261168205,1.40435995256221
800,49,5.10626073581924,4.81756029673919,4.93045843560958,1.98347023274938,1.96397391186508,1.97182355749535,1.4285614242579,1.3951950178994,1.40851882061875
800,50,5.62130630116734,5.35790751013139,5.45731659555457,1.76718152874009,1.75458350638794,1.75945958736388,1.34450633089106,1.32174453708129,1.33050101071413
800,51,6.61802894008912,6.33062696466699,6.44040460710601,1.81600643861328,1.80718031615386,1.81063432125095,1.42498609824557,1.40585590753807,1.41330294600685
800,52,4.49257977390371,4.15350317545392,4.2836340248027,2.06621570006097,2.03675662456454,2.0485123089782,1.41529628417124,1.36661067250254,1.38579820567451
800,53,3.15896364812608,3.01657378338331,3.07072772976192,2.41317673995631,2.4304078209846,2.42363693801297,1.36808067763856,1.34597563352016,1.35453862319725
800,54,7.99848357342072,6.76067945577962,7.13907571178781,1.596962740893,1.57939138317602,1.58536587002369,1.33118146155682,1.28029594411502,1.29728038920505
800,55,3.58101870668482,3.43803605766382,3.48976570071301,2.42241690760781,2.40934614966705,2.41418217295995,1.4449593230971,1.4166029591136,1.42699941170654
800,56,3.32492457312857,3.1401219989589,3.20582698507972,2.45567976518217,2.44150365329037,2.44671200474557,1.41247342296822,1.37354595437756,1.38764816749109
800,57,4.76931236848864,4.45257626735137,4.55853459576641,1.96544589102903,1.95505162145252,1.95867708690505,1.39185773846994,1.35853963484483,1.37001799219509
800,58,3.41517876621093,3.19974944471999,3.2778027214019,2.57427110585327,2.58062460698213,2.57822247881523,1.46784699880687,1.4285151928759,1.44311275457286
800,59,3.43519517339088,3.14249616297306,3.24693459271748,2.64889915313143,2.64742547090657,2.64798159324714,1.49561875571327,1.43689758016182,1.45851489072657
800,60,3.66360573451416,3.30596451362422,3.43071723853797,2.50589665360659,2.49292618250758,2.49774196031459,1.48806447792775,1.42122449384195,1.44540868263534
800,61,4.76988087044446,4.55959565933706,4.63494470992528,1.97931365404014,1.96021291230372,1.96721325156216,1.3988469744635,1.37086514027458,1.38105218208756
800,62,3.72112391366558,3.33469161863432,3.46981706069712,2.39279202964228,2.4074681232452,2.40194353923912,1.45632941716848,1.39810874892699,1.41938768273422
800,63,5.88427115402347,5.40286818437869,5.58506683590656,1.96187439694482,1.93924047850069,1.94820285986092,1.47132128084662,1.427036994988,1.44437191573546
800,64,7.82541505905858,6.28930355299795,6.75506233727649,1.86218274568257,1.7947669915152,1.81788345906584,1.50422769343827,1.39630577867747,1.43240332781911
800,65,4.76480269486867,4.49289913697134,4.59148152136644,1.95549019072227,1.9301007220499,1.93957576589843,1.38647601959743,1.35010868109955,1.36356578984202
800,66,4.34723580437334,4.07392377052039,4.16224123232213,1.98627955551181,1.99952658127413,1.99503600038268,1.36335433277941,1.34123412617916,1.34861900695703
800,67,4.12565736242519,3.8648661242911,3.96287480479673,2.12224291256456,2.11425363078012,2.11737226340179,1.40137433549993,1.36664050393349,1.38002306487826
800,68,5.10039392729343,4.71171756922584,4.85603912053648,1.93126719391129,1.931512004047,1.93141652071559,1.40083876318123,1.36992692252143,1.3818188550568
800,69,3.69156877995072,3.32284254282333,3.4499095541773,2.42057847532115,2.42273338811931,2.42193831761787,1.4619628022229,1.40114092455142,1.42297081327884
800,70,4.23343470087867,3.94515305500813,4.05030609319316,2.05302116473365,2.05563630758008,2.05463849893441,1.38254864477207,1.35145551136808,1.36314338376948
800,71,4.25351072926453,3.9609609218196,4.07481633843728,2.13780455156102,2.13581359006776,2.13662197075062,1.42273916988818,1.38759833581754,1.40166281658153
800,72,4.7503408208597,4.52370840196549,4.60415823339049,2.03023765771337,2.01792718570611,2.02241853152319,1.4223448414957,1.39544828536823,1.40518027081365
800,73,4.84804407134518,4.69731295504739,4.74787165558238,1.90756412336281,1.90342195649751,1.90483862165476,1.36893003154474,1.35454138593794,1.35943531634574
800,74,4.0873567341307,3.74466525699479,3.86538542806296,2.36958614775235,2.35902039370782,2.36294510671039,1.49998909318244,1.44727992468771,1.46647541131669
800,75,5.23807605223075,4.72796859884877,4.90531536150955,2.04163058186652,2.02082279655436,2.02849799726698,1.4690449486366,1.41571818806767,1.43505771960104
800,76,3.07889302002408,2.95053647850761,2.9983484833247,2.90368391870329,2.92697853279188,2.91802433816142,1.49436141669659,1.46935514689609,1.47882057345299
800,77,5.20691283521497,4.94071501645516,5.03630282009805,1.88165588158177,1.87118963106318,1.8750616094781,1.38217157108544,1.35718498507222,1.36635510491231
800,78,5.56114257803113,5.08314660254469,5.24778420903658,1.99359839594836,1.96424704090985,1.97485958645699,1.46751357251812,1.41677280584056,1.43488135918434
800,79,3.15220075138086,3.02675631677286,3.07090438247173,2.81595719272785,2.86254750911784,2.84553994357696,1.4873035301515,1.47118131640555,1.47696498127384
800,80,5.44458088519736,5.31808923865969,5.36498596100119,1.86525925721732,1.84614607156918,1.85329126617679,1.38929917752986,1.37041416578517,1.37745909608249
800,81,5.63285157479404,5.03532240371105,5.24030618319467,1.90396280339513,1.88457814645569,1.89168012555807,1.42298049742239,1.37132874839333,1.38993299023339
800,82,5.36798135277989,4.94712873436462,5.09029947727464,1.95621925603983,1.94742650210798,1.95057179606129,1.4337330520943,1.39735911597639,1.41019402463785
800,83,8.55069579520873,7.50452052847721,7.8805520402887,1.79500014173687,1.75344359456484,1.76941968203443,1.48356381741983,1.42134418232673,1.44497872962714
800,84,4.85542535772152,4.42465192627332,4.57325389881227,2.05240949847656,2.03546944222024,2.04164118594099,1.44261137256201,1.39412919272915,1.41150288764234
800,85,12.5694000695114,10.6889638643523,11.3108284328994,1.55277218090321,1.51884776063898,1.53114131059707,1.38204055385385,1.32987871435444,1.34858413597033
800,86,5.29027159700222,4.71682712956708,4.90836412574561,1.78146416722872,1.78694763923299,1.78496970480616,1.33268968177894,1.29597401567141,1.30895626704319
800,87,5.11723077883407,4.96041585509846,5.01574968656643,1.93150901436745,1.92226188712175,1.92558063538488,1.40223326045739,1.38539369477262,1.39140914277789
800,88,4.41314581166781,4.12792854557739,4.23817700026144,2.06367224355203,2.06305990350999,2.06330632667502,1.4061359205462,1.37557418124249,1.38771412451857
800,89,3.82694034202134,3.73255205102149,3.76763142197288,2.16367570631581,2.1510647923849,2.15580810172396,1.38220473165692,1.36463021239974,1.37121182909111
800,90,4.90154298075173,4.7155541410205,4.78316172434934,1.92575972435676,1.91961371794037,1.92189851503615,1.38256562909866,1.36425221022383,1.37101697628406
800,91,3.87799442775709,3.66173133680537,3.73754806048769,2.34630254698766,2.34305046939643,2.34423236889033,1.46184352051539,1.428798181817,1.44064410821257
800,92,4.17317232170519,3.96357699131035,4.04250594649847,2.24080927388703,2.23155601213412,2.2351441232847,1.4579529276902,1.42772464492468,1.43932575297497
800,93,4.49908379031326,4.05793853256099,4.21498837735371,2.16170523613498,2.15563786995851,2.15793945265255,1.46014127586218,1.40779567323005,1.42723877542368
800,94,4.08249209905386,3.86441553632877,3.94555887980609,2.25053973462591,2.24726600727772,2.2485252641292,1.45077601479204,1.42094603765348,1.43228419507986
800,95,6.48953544843144,5.73735871451838,5.99806325560679,1.84906788951208,1.80572377963143,1.82173757653128,1.43904094366002,1.37345509236088,1.39733702358256
800,96,5.10127060817846,4.83151720411104,4.93725472627633,2.04903893579201,2.02060562826987,2.03202550323225,1.46185308955967,1.42475421041274,1.43955002372547
800,97,4.77520612946861,4.36778404074211,4.51115680132848,2.22608523790091,2.22006636885288,2.22230458984781,1.51829359971927,1.4719172191871,1.48885749583685
800,98,9.00401993790502,7.58745807685303,8.08343279080905,1.74453542586651,1.69957438204043,1.71683072150198,1.46139004036095,1.38854358798717,1.41607271406777
800,99,4.44267143974986,4.25776954367518,4.3273337855734,1.92685457196053,1.92420311056131,1.92522637213537,1.34395899469804,1.32527493378339,1.33242974315855
800,100,4.50485417191381,4.27855938600427,4.36154188268059,2.07513007889448,2.07799550502298,2.07690929445967,1.42069616605013,1.39868644705699,1.40694192270538
1600,1,3.78999472344012,3.53830534215178,3.6320725989254,2.24356038988113,2.25012517297305,2.24756855424217,1.40929880968724,1.37543845421518,1.38840652812409
1600,2,4.30786390099649,4.03246416199687,4.13421916604919,2.11088599175479,2.1026668733323,2.10582364512722,1.41669479497859,1.38202896768476,1.39517255531495
1600,3,5.02215085089104,4.77768966485413,4.86803033104731,1.90266854582195,1.89936486504239,1.90062303927391,1.37988991618046,1.35906870984916,1.36693225328849
1600,4,4.43685734406513,4.08479130592877,4.21222070595873,2.14727529997091,2.14086603414708,2.14330504862495,1.44698697507573,1.40466949619441,1.42050779882226
1600,5,4.86065580891697,4.61909445194885,4.70651494151908,1.89785057685719,1.89469420405104,1.89587266893129,1.36491673014412,1.34357621250382,1.35147367521919
1600,6,4.25870527162848,4.04571635614162,4.1281715522888,2.1278750775657,2.12665211128118,2.1271403647986,1.41891157940101,1.39392702750658,1.4037989564905
1600,7,5.52091393703566,5.02748594660966,5.21056046809606,1.9149927203704,1.88918387359923,1.89924654939582,1.42181854699379,1.37318183778743,1.39189980334253
1600,8,5.19889461886326,4.70800955809661,4.88680887768108,1.97178746073208,1.95482104263867,1.96136076414437,1.42958718053479,1.3812922278181,1.39961415413201
1600,9,4.03065784642947,3.84437686568581,3.91286897310777,2.19517135190573,2.19615496360601,2.19578231698753,1.42117368658003,1.39769933743361,1.40649843833284
1600,10,4.06805926007321,3.84710356920718,3.92940548589131,2.15280790919147,2.15524076082477,2.15430194133202,1.40780214588321,1.38136600760884,1.39144197313905
1600,11,6.02210685051685,5.62434508089047,5.76621545871521,1.82456195048994,1.80939003154977,1.81501199056788,1.40030212819494,1.36897989630612,1.38048228572768
1600,12,4.29097501743486,4.00112625296112,4.10956163155693,2.11498424860167,2.10496955209844,2.10887023410359,1.41670344691921,1.3793181773542,1.39368451520118
1600,13,6.21878165549108,5.55847618725469,5.78298184892554,1.86437444141312,1.83790923079855,1.84749798244097,1.43435774796307,1.38121178340958,1.4001802684548
1600,14,4.21264364941847,4.0267819207362,4.0940666382069,2.20792170138167,2.19722039421854,2.20119448565367,1.44865550396563,1.42154949690116,1.43152710123533
1600,15,5.99075000065346,5.48434730029084,5.66666969807137,1.86039883662944,1.84486930642904,1.85074957630122,1.4195609536835,1.38048914990615,1.39510464432258
1600,16,4.57597379531109,4.2117181868606,4.34108652535989,2.07057480459849,2.06615768784439,2.06780913713755,1.42553626211399,1.38614940538706,1.40063731022668
1600,17,3.6689042089948,3.41647959243069,3.50680582387109,2.38628215111092,2.39341141712542,2.39073741501565,1.44587467793593,1.40743453698653,1.42158379359921
1600,18,3.86601967928621,3.41633031069488,3.56536967452618,2.23031256275627,2.23836771875596,2.23546620792372,1.41436390213639,1.35232747075794,1.37398533378146
1600,19,4.96438446835778,4.66122743393053,4.76749115064025,2.05127360088778,2.03958712599472,2.04383722560624,1.4515118473699,1.4187796693312,1.43055441584819
1600,20,6.5316969610414,5.75240063275937,6.00962733748129,1.85093162921335,1.82431897960197,1.83377778643052,1.4422354959106,1.38506031566664,1.40504295611922
1600,21,4.62298837502601,4.24542377999261,4.37655900573476,2.00736232239075,2.00382109969959,2.00511883376603,1.39962621953219,1.36129563031815,1.37511186088765
1600,22,4.17625359626415,3.96546590240738,4.04326972886746,2.0132967366488,2.01677946797508,2.01545025638701,1.35842464872881,1.3368676337693,1.34500505577426
1600,23,5.64731589997652,5.45826468029895,5.52753961175947,1.72023535336631,1.71528787838446,1.71713675301161,1.31858091355915,1.30514067705977,1.31014015578196
1600,24,5.0684939069605,4.53602143837839,4.73240127112939,2.09187892068594,2.07565117651744,2.08203095923505,1.48074350735328,1.42402668607899,1.44590270095205
1600,25,5.08560561424777,4.77285540912751,4.88494596875544,1.87650086651989,1.86632795502226,1.87011079680808,1.37072642729031,1.34168812498539,1.35237800628725
1600,26,4.43014202654529,4.1797625674668,4.27242504067822,1.99173376833421,1.98768010610754,1.98923374640864,1.37400095464698,1.34707873965439,1.35728444473013
1600,27,5.61309802529228,4.99881758775816,5.21460228403355,2.03374507869159,1.9880183086708,2.00506491139607,1.49285271420113,1.42235212496287,1.44821302441804
1600,28,3.33419305320876,3.19503133180775,3.24480213069929,2.42889079590196,2.42739049544829,2.42794164040585,1.40521828776597,1.37940356056043,1.38877949117517
1600,29,3.38883556049478,3.25844634092014,3.30639127949491,2.54227749426155,2.53323840772384,2.53663745591363,1.45257058795907,1.42521939272657,1.43540556503639
1600,30,5.56486510450791,5.23809141038715,5.35744033153164,1.89812039994789,1.88492067002172,1.8899066479263,1.4153563572975,1.38612523181774,1.39707152527233
1600,31,3.22782677751703,3.09094951739511,3.14216547158048,2.33953463052808,2.33848233740054,2.33888670055271,1.35640781581637,1.33128678018875,1.34083179681816
1600,32,5.52858175069955,5.08867424230263,5.25110518258036,1.86043186970028,1.84168946977622,1.84893053445814,1.39200578207127,1.35227502576462,1.36744786911094
1600,33,4.7505367753103,4.53341103555873,4.60844851539966,1.92951271961997,1.92622988431917,1.92739811269629,1.37217862531411,1.35183858095329,1.35901520896413
1600,34,4.20242860702542,3.98621976932984,4.07011116425069,2.10317828297039,2.09948172088108,2.10096109485387,1.40168214356217,1.3751899521502,1.38568223621197
1600,35,4.60033765701279,4.24985859979177,4.37785025439208,1.98196438321734,1.97717711163792,1.97901149002113,1.38518489902873,1.34939376303603,1.36290772135293
1600,36,4.34779622223905,3.98063875001662,4.11845052237549,2.32854730647626,2.32930025226818,2.32900183926016,1.51640626926559,1.46944413272142,1.48770061471969
1600,37,4.83307748574891,4.3441430220218,4.51930466264872,1.99288196691144,1.9855197345814,1.98833395275149,1.41104749174623,1.36269214180888,1.38082143664736
1600,38,4.15542660862703,3.6062116559317,3.79591666469732,2.22224352979698,2.23409106272342,2.22959639159091,1.44792215568721,1.37948418402964,1.40458779513513
1600,39,4.67717943708204,4.4089065407888,4.50681382997158,1.99338048704491,1.98965905079743,1.99106690887448,1.39769349654472,1.37096677019596,1.38096838676185
1600,40,7.20365973229688,6.59514347757116,6.80941022071006,1.75284660418004,1.73651039287103,1.74255992000025,1.40980311175962,1.3745812503289,1.3874937748625
1600,41,6.06333095036717,5.34112766732019,5.58388801355599,1.85092678752789,1.83795053282192,1.84266572658164,1.41804602159844,1.36740792928536,1.38546618524215
1600,42,4.81179275295833,4.59212113926344,4.67102180082471,1.99594992594158,1.98479669007941,1.98890882962501,1.41076093039848,1.38582039178489,1.39494493627893
1600,43,4.62332324646056,4.18928730728525,4.3551303689827,2.03455078003203,2.03346476292142,2.03390513881934,1.41282125194882,1.36897116018891,1.38642554527759
1600,44,5.07305805097753,4.57683438403446,4.75654242456763,2.14087632479934,2.11753230279047,2.12648833406501,1.50552934223236,1.44772390072225,1.4695171837846
1600,45,5.08471658353306,4.54832019763682,4.73306104097183,2.00835086836751,2.00220175654394,2.0044725343246,1.43970081128828,1.39021817681999,1.40812520681833
1600,46,3.75514999138291,3.47587373467883,3.57764746892981,2.2264999386453,2.23943450776987,2.23446932642063,1.39774833419222,1.36195481606355,1.37542720002895
1600,47,4.72488900602158,4.2810494772756,4.43520158064148,1.97102217163208,1.97300121090044,1.97226850335374,1.39082803549865,1.35056721213003,1.36518911031596
1600,48,4.52247424649793,4.24569765564528,4.34440512855925,2.03461291847404,2.03073959783322,2.03217584571014,1.4032884257565,1.37369434303077,1.38453431418103
1600,49,4.69736288869157,4.27893101624996,4.43114399682285,1.97127677785546,1.95934818507015,1.96393100734658,1.3885594128975,1.34394685626401,1.36080672832851
1600,50,5.05639694974963,4.69468991515203,4.82853514521363,1.99450416561152,1.9841155372737,1.98812826199463,1.43031431230555,1.39468161945841,1.40827654435441
1600,51,4.02448623974679,3.75099518558029,3.84656971532968,2.17018914902005,2.17033538842552,2.17028191735781,1.40990379991883,1.37484598988137,1.38745995551224
1600,52,4.89544550820132,4.58911923703001,4.70240431823636,2.01349958450669,1.99685506452364,2.0032305225209,1.42669790657394,1.39141235186371,1.40478867190062
1600,53,6.33710798817475,5.63805933677261,5.89449120418302,1.90963836470167,1.88700342451763,1.89586569836366,1.46743746123713,1.41381375938732,1.43448674035793
1600,54,4.37103591479539,4.15113173646592,4.23380237773614,1.94458721004692,1.94124757597868,1.94254240845645,1.34584669897938,1.3226974237343,1.33158703933789
1600,55,3.63074667892546,3.41327874080497,3.4963925557407,2.48801542905741,2.48708445343173,2.48745385102038,1.47633681454952,1.43874405926478,1.45343221376143
1600,56,4.60486892017063,4.26675459022426,4.38363364936645,2.01564286711917,2.00684756639036,2.01003247027138,1.40197185496381,1.36488190531243,1.37812106650674
1600,57,4.57870014446969,4.36490900475481,4.44534014091829,2.02178537900713,2.02167258590358,2.02171629173534,1.40249516065325,1.38171207073658,1.38969199939683
1600,58,4.41965121630869,4.08470291660166,4.20418502245813,2.16045448211858,2.14428537026024,2.15032034527101,1.45110971123273,1.40613022575584,1.42266692151259
1600,59,3.95985202581564,3.67158097462478,3.77869135422886,2.10874173225806,2.12012894543749,2.1156804597539,1.37598685186321,1.34402882866345,1.35629439639671
1600,60,3.76774017508829,3.49203088522833,3.58937829415827,2.33480310860652,2.32658042410246,2.32962119278509,1.44151889874874,1.39629376601789,1.41272047104558
1600,61,3.67357792903552,3.39278145899413,3.49444805572331,2.16593091192582,2.18051779177304,2.17494256023913,1.3625659641191,1.32740411057527,1.3405715562337
1600,62,6.53120801471087,5.88112713960617,6.11705993660653,1.79329028812639,1.7708686545023,1.77949017682553,1.40697390708638,1.36104409679272,1.37848147752073
1600,63,5.49270293508574,5.17233714691852,5.29233620804991,1.89854240757945,1.89193341120606,1.89449718425224,1.41087583634941,1.38524103539931,1.39509509918596
1600,64,4.1760680900861,3.85486487867714,3.97053302117781,2.29970441979684,2.28440319215458,2.29017451641192,1.48302341264053,1.43438363244555,1.45242586229794
1600,65,4.24640329948635,4.07042479193563,4.1367484033321,2.05195063115321,2.04408067250211,2.04711819236792,1.38344240828781,1.3607440035795,1.36943654624063
1600,66,3.78401032400039,3.60547498423373,3.67339329395781,2.13905800967427,2.1381774557909,2.13852243643537,1.36655819851906,1.34220261568343,1.35164278718844
1600,67,5.22464663645232,4.83713060598996,4.98693390781307,1.88243692565084,1.87165911160612,1.87600922166635,1.38384017381491,1.3494922264402,1.36319561773585
1600,68,4.13126604112365,3.80606771949492,3.93420031026201,2.0763325838352,2.07136245695365,2.07341595833658,1.38183584525062,1.34135932640033,1.35781536991989
1600,69,5.27294291528105,4.75063482576987,4.93676351381463,1.92130001175822,1.90696259763346,1.91239448099902,1.40819616287524,1.36074357626598,1.37842334845352
1600,70,4.80326850871176,4.50537246318363,4.60935760249965,1.95085772851006,1.94223404116635,1.94536207074458,1.3873731659243,1.35716839490126,1.36800197462592
1600,71,3.49015889960899,3.33863073038813,3.39210859697417,2.26257973195931,2.26584016983279,2.26465513732674,1.3726962570906,1.34978015870396,1.35801255299515
1600,72,4.19654227466085,3.95899844816273,4.04076809423379,2.19792238138397,2.18564661499031,2.19001942165814,1.44244666073138,1.40821340665381,1.4202635834415
1600,73,4.59476192502105,4.15357300318585,4.31355282099297,2.1425452509972,2.13873663486495,2.14020610677238,1.4611899222164,1.41178665121993,1.43046745286041
1600,74,5.55334444442625,5.10433079821773,5.27162826606935,1.94361944225878,1.93825207006153,1.94035522555615,1.43972792170563,1.4048084239261,1.41831043691266
1600,75,4.26352252196702,4.04828135219399,4.12666629423222,2.05549395550198,2.05903303612912,2.05770002791714,1.38686847934284,1.36484623415655,1.37304954242995
1600,76,4.61254757331233,4.24565268623657,4.37551536680797,2.1553843277732,2.15349778141004,2.15420131266591,1.46895874476373,1.42878397469865,1.44351453651833
1600,77,4.66196545076494,4.13827988737764,4.31047423372501,2.23287603884827,2.21891229427753,2.22385809527495,1.5097650851921,1.44442386778303,1.46700267701443
1600,78,4.81525371938137,4.48987254457543,4.61119890435131,1.92354948238648,1.93246564253622,1.92898410397312,1.37448423966555,1.35099151984661,1.36004288742133
1600,79,6.4847635251556,5.71350154250617,5.98720946372855,1.75015935425823,1.73113659747874,1.73839933824206,1.37819985807949,1.32858729114854,1.34722857919073
1600,80,4.48868952797067,4.3934186901025,4.43121542383914,2.01795487885796,2.01365776657234,2.01538246718321,1.39211125831858,1.3807922734977,1.38531889601915
1600,81,4.97550078461516,4.62766453306779,4.75630524292183,2.08707361871052,2.06870266261618,2.07577143811732,1.47031887162211,1.42962021966523,1.44509539853762
1600,82,3.65652733547619,3.47363190785145,3.54014537857634,2.37823606122918,2.38578955129679,2.38294665177403,1.44099852732971,1.41436398927444,1.42425232168784
1600,83,3.85865596052095,3.72546003926618,3.77621513604784,2.14275806657381,2.14635620798478,2.14495374604406,1.37770301267097,1.36178721304963,1.36794051363571
1600,84,4.21131303263888,3.81974118031312,3.95511941731569,2.1862395795222,2.18630165960508,2.18627880596134,1.43913458665618,1.39045070184334,1.40798454083259
1600,85,4.90566492052101,4.53867132396197,4.67507102752079,1.98698070646667,1.9751544921021,1.97974993146929,1.41418289536025,1.37623837462624,1.39079196921819
1600,86,4.17566968503781,3.9325229133796,4.01971229927486,1.97337124659747,1.97508073959003,1.97444360741075,1.3400701968577,1.31475480084186,1.32407220907978
1600,87,5.13230654649076,4.90301727392423,4.98655898684565,1.95600382148657,1.94872279437674,1.95144681840384,1.41624882340372,1.39448102628403,1.40256508028596
1600,88,4.48430307966336,4.18458883435341,4.29492637102689,2.11529607190283,2.09757442776214,2.10435093879423,1.43730376221301,1.39720764383462,1.41235203654317
1600,89,4.59954588824608,4.31861253493203,4.42036472872454,2.09903708660243,2.07978998824326,2.08700214868471,1.44129249980314,1.40375774745663,1.41767182650242
1600,90,4.22221988795725,3.83007859880153,3.96518737443995,2.06972145973263,2.07998136985857,2.07620547316253,1.3888907456215,1.34795453393755,1.36268968706299
1600,91,3.23847721588551,3.09544955511837,3.14634312387049,2.48024140325925,2.49577255397115,2.49006174765618,1.40454633448658,1.38172619348437,1.38999749597702
1600,92,4.28668825490836,4.09714905695431,4.16740000307668,2.07640094060869,2.0663846785294,2.07019195953711,1.39883054458192,1.37360910157792,1.38311675887985
1600,93,4.48814555032008,4.17446713805151,4.28470582207436,2.02727071333531,2.02967298107063,2.02878798439749,1.39648575979719,1.36566921407086,1.37685407714947
1600,94,5.58925566166613,4.92694142925891,5.17571556597327,1.92474853679138,1.90119536032988,1.91067928283223,1.43171488495485,1.37183516888627,1.39550966559595
1600,95,5.12128261708563,4.73729041379159,4.87457927104739,1.93258744455669,1.91791462277358,1.92339989981763,1.4031058694562,1.36520490459545,1.37919888337414
1600,96,3.0112146293531,2.82356362018035,2.8927414934385,2.66891411851343,2.70726492581684,2.6924181956061,1.41487518943376,1.38209577302126,1.39449366996459
1600,97,3.36241726349488,3.21336279651996,3.2673151876809,2.49197548617382,2.49237614522324,2.49222688466643,1.43124347019137,1.40365846767868,1.41380871068048
1600,98,4.19667569937812,4.02529152114425,4.08461252088163,2.07063972579757,2.07313729221538,2.07224840511381,1.38652721833598,1.36838228713304,1.37478040949399
1600,99,6.81300326607435,6.19076401914835,6.40955420080977,1.76832854027702,1.75286150544214,1.7586105408091,1.4039345398465,1.36607043032286,1.37998068554257
1600,100,9.08934465486836,8.3708667602338,8.62921454827633,1.66144313854571,1.64094322341153,1.64864777028798,1.4046811873613,1.37199139388372,1.38419205613038
